Factors,Factor1:CASE,Factor1:CASE,Factor1:CASE,Factor1:CASE,Factor1:CASE,Factor1:CASE,Factor1:CASE,Factor1:CASE,Factor1:CASE,Factor1:CASE,Factor1:CASE,Factor1:CASE,Factor1:CASE,Factor1:CASE,Factor1:CASE,Factor1:CASE,Factor1:CASE,Factor1:CASE,Factor1:CASE,Factor1:CASE,Factor1:CASE,Factor1:CASE,Factor1:CASE,Factor1:CASE,Factor1:CASE,Factor1:CASE,Factor1:CASE,Factor1:CASE,Factor1:CASE,Factor1:CASE,Factor1:CASE,Factor1:CASE,Factor1:CASE,Factor1:CASE,Factor1:CASE,Factor1:CASE,Factor1:CONTROL,Factor1:CONTROL,Factor1:CONTROL,Factor1:CONTROL,Factor1:CONTROL,Factor1:CONTROL,Factor1:CONTROL,Factor1:CONTROL,Factor1:CONTROL,Factor1:CONTROL,Factor1:CONTROL,Factor1:CONTROL,Factor1:CONTROL,Factor1:CONTROL,Factor1:CONTROL,Factor1:CONTROL,Factor1:CONTROL,Factor1:CONTROL,Factor1:CONTROL,Factor1:CONTROL,Factor1:CONTROL,Factor1:CONTROL,Factor1:CONTROL,Factor1:CONTROL,Factor1:CONTROL,Factor1:CONTROL,Factor1:CONTROL,Factor1:CONTROL,Factor1:CONTROL,Factor1:CONTROL,Factor1:CONTROL,Factor1:CONTROL,Factor1:CONTROL,Factor1:CONTROL,Factor1:CONTROL,Factor1:CONTROL,Factor1:CONTROL,Factor1:CONTROL,Factor1:CONTROL
1-Monopalmitin,2578.8567,3755.2392,2278.0236,2998.4553,3504.3485,2666.6899,3358.6860,3322.0541,3388.3844,1890.6318,2185.4338,3495.0582,2304.5246,3067.8830,3362.6824,3724.6746,3552.9281,3444.6467,3013.7722,2735.4511,2543.6130,3720.7373,2014.7593,3078.0861,2817.7640,3124.1236,2236.8529,2181.4847,2482.5490,3529.1917,2176.6046,3302.3141,2194.3159,2954.0196,3799.5279,1925.6502,2512.2610,2714.3942,1461.0714,2568.0230,2793.7565,4328.4822,3041.5235,2622.6544,2893.7585,2758.4755,2672.3947,4575.0354,3433.2708,2697.4799,3395.2174,2891.6087,3395.0743,2952.6489,2879.5960,1486.7288,2797.8125,4795.1554,3126.1579,2578.9188,2845.7900,3128.1957,3375.9721,2122.6710,4061.5188,2010.6345,2357.4020,4462.0410,4017.3924,3121.9511,2573.7777,3319.6044,2127.1812,3632.9254,2632.3587
2-Aminobutanoic acid,10445.1691,7585.7903,11715.8539,11010.1264,5707.5960,15017.3954,10785.4974,6561.2374,5803.3293,14262.2941,11601.7847,22713.3295,22679.4156,13650.7681,7185.8800,19519.6139,24664.1240,15564.5979,9396.1036,26434.5801,29568.4465,21672.4291,20560.6168,7321.4524,28060.1158,19745.3460,29461.8628,82096.5978,36430.7763,21294.2434,55015.4686,39272.3293,21539.4226,36620.0809,8983.4060,11862.0908,7277.6241,13618.2885,12088.0240,8231.3748,21642.7808,13130.1484,8786.0931,13918.7980,9570.7759,11743.0733,17466.8848,17945.8415,7847.3249,13888.4303,12650.2856,23382.6211,38865.7439,28247.3381,23440.5182,31822.4247,16263.2853,36310.4475,21514.8143,17927.4078,18964.0040,34107.7595,22869.7498,58464.1990,22891.7322,22173.1451,31070.3819,30939.7688,19821.1234,46682.2382,20738.5327,19072.1963,14190.9337,27899.7725,14848.7982
2-Hydroxy-3-methylbutyric acid,7764.2659,7883.8590,7065.2155,8115.1673,17656.7614,4975.5559,7509.3979,12256.4677,4613.6434,7053.1346,7558.2172,3342.3294,8703.6812,7004.9939,7073.9589,12149.0194,8506.3638,6101.3882,6383.4542,10930.3032,14960.7459,19366.0737,10431.8609,10432.3268,28238.4048,8372.9981,7281.9873,13739.8816,6620.2968,13837.5759,13383.1484,12574.4728,8612.7432,13133.3272,13882.4450,4380.3858,4305.6036,7109.4927,3437.3461,6440.8067,11876.8343,11046.5583,6165.4441,7965.4490,6910.1722,3374.4179,32414.6116,17994.8836,20332.8768,4937.7844,6079.0708,10711.1600,26856.3751,22727.5246,4131.3793,8635.0487,47848.7864,21198.4142,17416.6934,23412.7435,45888.1975,25447.2550,7388.9019,10618.0251,16868.0132,5070.4136,17781.0902,17536.4785,8261.5329,17727.6837,5009.5592,24435.2623,4852.3001,10835.0902,5050.9621
2-hydroxybutyric acid,26061.1458,20031.0890,48110.0425,14943.7730,30238.6779,25408.9488,20764.5588,19729.1182,11919.3568,23110.8899,29826.4413,50104.3573,31350.8715,37945.4296,26181.5208,63079.3449,30881.1190,31263.1875,22160.2102,33296.4795,52451.9043,44885.1324,25043.5192,22400.5384,53430.9978,34142.7196,64401.8939,86115.3022,33361.7312,44104.0316,63158.9116,58565.1346,44085.9842,34209.1896,39693.3765,18699.9040,22247.2687,24701.3666,16412.4901,22275.9524,30912.5781,33572.9583,20246.7392,29176.0517,28522.8883,18767.7477,40114.0784,57539.7906,16033.8018,25271.7683,29671.2208,39221.1700,108606.7676,43048.7936,46510.4731,39197.2331,34988.9493,39553.0437,59111.6132,37563.2529,23269.6326,84935.2093,44161.6061,100780.1338,47425.9284,30277.8780,46988.3223,53859.6855,36735.6396,69815.9689,26186.9459,65543.6895,25074.9130,46688.3685,21508.5647
2-ketoisocaproic acid,4657.2319,4305.3076,8356.1307,5821.3724,7987.1488,5886.8992,4985.0940,7649.8937,4969.3818,4408.1989,8226.5548,7524.1273,7590.6481,8830.5487,4594.0869,12592.5211,7230.5581,9058.9098,4858.3833,10716.5930,8159.6112,11820.7977,9351.0623,5091.4332,13716.3255,11432.5051,9703.0577,15378.8046,11852.7034,10036.2264,12032.9591,11365.1288,14163.1434,14300.6381,14885.5093,6108.7869,4541.3060,6002.3047,4375.2666,7235.8613,8825.2006,8687.2082,6994.2908,7111.4977,4019.3981,5698.3110,10223.5093,9527.2503,7678.4879,8336.6692,6867.4053,6828.5116,17791.8211,8701.0213,7055.5775,13335.4051,7451.0529,13446.7314,13218.8387,11685.4698,13158.6328,13472.7823,10718.4851,14230.4126,11442.0376,7560.6042,10690.3047,14594.0855,8509.6508,12207.7703,5934.8897,12615.5868,6216.9731,11206.6357,5356.7202
3-Hydroxybutyric acid,5832.4860,6421.6459,7555.3954,8419.2775,35226.6580,16379.7842,16963.7303,4223.7464,5978.2135,12797.5409,7530.5051,30240.2000,12286.5429,15996.4271,11442.8019,18232.5914,17559.1611,7191.5392,13874.8229,10419.4112,12483.8754,14545.1149,14918.6340,7038.5367,9995.5408,11758.2693,18873.0361,14137.2642,10494.6159,15615.9757,9137.5926,12525.4486,16961.5429,17182.6974,18643.2436,4891.0882,6274.9839,12546.4578,4267.1371,8431.7057,8649.8776,5823.0820,12722.3103,6209.4640,10909.2180,6163.2336,8698.7862,23359.5570,10023.6285,20118.4433,8566.8224,148691.3694,25786.5049,50817.7668,75065.5013,12426.4324,59389.1700,82689.2170,8434.8606,16548.2059,12634.4179,40647.8075,17274.0026,68546.8706,21073.7116,58618.7432,48585.4891,9980.2637,52518.8468,38706.8782,7955.6441,13015.7485,10793.5116,11162.7855,9139.4210
3-methyl-2-oxobutanoic acid,6377.7517,6619.9766,10479.4900,8600.9907,8545.2570,8952.0181,7570.5599,9154.8954,7808.5007,8271.2534,10753.2955,9290.2389,12108.0639,10924.1594,9065.9715,11280.0590,6955.8817,10869.5367,8364.2591,14677.0548,11279.6251,10586.5338,12100.1932,7454.8245,13209.4963,11111.2278,12618.4619,13696.8501,12520.3474,8987.8182,11934.3646,13090.2279,16694.6842,13636.9603,10436.5636,8627.9980,8495.1210,10104.2741,7101.2373,8228.1898,12421.0718,10852.5350,7211.8789,9938.7073,7331.8998,7018.9560,11579.5515,10308.3424,10543.6540,10321.0583,9379.2545,9302.4351,15843.7012,10719.2622,9615.9100,13127.4740,8370.9796,13065.8861,10589.5005,15384.4015,10144.7833,11897.3159,14404.8828,13319.8480,11356.2600,10720.1184,12288.1274,13192.5206,13630.5486,13187.7288,9392.1159,12484.9705,7218.7523,13709.7460,9430.2058
4-Aminobutanoic acid,3093.9513,4131.5061,4223.5895,3884.3859,6462.1792,3069.8112,3632.8088,5217.1060,3323.1636,3892.9244,5296.2446,3748.9850,3298.6790,2836.1889,4720.4693,2913.0940,3280.2175,4671.2335,4114.0605,3776.4527,3168.5014,6303.0882,3582.9320,3578.8786,5683.9629,4355.6107,2866.3011,4592.5029,4057.2507,3405.8806,4066.3777,3419.9839,5120.0720,4301.5038,8937.4851,4262.3340,4008.7844,3351.8571,3659.3144,3689.3471,4622.8396,7194.3768,212.3866,4066.5271,5102.3253,3327.1186,4037.9802,3398.7163,3937.5012,3066.2071,3289.8978,3029.7910,3994.7438,4464.2545,3017.8503,3502.5610,5441.6815,3490.2985,3174.5238,4492.4379,2954.3470,3652.4383,3723.5117,3846.9487,3688.0367,4955.1192,3610.2330,4591.9708,5520.5568,4806.9481,3896.4344,4912.1058,2867.7645,5318.3925,4687.9777
Acetoacetate,6502.7998,7181.3059,10763.6013,8811.6799,8621.0606,8602.0106,7746.6121,8791.3254,7715.9212,7164.6185,10554.7769,9851.3471,11950.7425,11013.1879,9489.5340,11733.9999,6406.9865,11429.4611,8584.3284,13317.6826,11248.6652,9939.5175,12467.1529,7421.8172,12790.6434,11008.7029,12961.9978,13684.0906,12205.1825,8888.5780,11929.8522,12630.5964,15208.6693,13717.2799,11051.4062,8605.5300,8699.9568,10189.3078,6729.2089,8081.4605,11624.3399,11104.5246,7364.6234,9992.6448,7295.8369,7497.4176,11698.7457,10112.2554,10986.5093,10212.0767,9545.0829,9654.7257,14711.2682,10823.4525,9618.6397,12110.7355,8488.6091,13592.7919,9990.7080,15847.8523,9658.3250,11967.3818,14340.5578,12584.0971,11694.2173,10744.0085,11418.4176,13049.7247,13139.6012,13178.7690,9149.6909,12809.3016,6814.7705,13781.9286,9488.7058
Alanine,144239.0851,107139.5539,252040.2180,318874.8614,108323.0822,73367.5837,73989.1182,158293.5601,87035.2221,121908.2183,169122.7726,192942.7685,182586.7227,220942.2688,101837.8982,213028.3695,119602.5669,232888.3614,60729.8124,249770.3885,260697.7582,246195.8398,329672.5683,98848.6459,130464.9735,131135.8240,206614.5609,920585.9158,306255.7174,145816.6349,750043.4100,549568.6009,580358.9401,245209.9430,219493.4930,214492.6215,90023.4555,165080.7118,157421.0258,146001.1920,219333.6060,185149.3190,111178.0531,204770.6332,82415.7108,104374.4809,304610.2980,231986.4030,141209.2652,171232.7718,220211.7910,153918.0215,413179.3131,184809.6205,125116.9569,383374.4213,123759.0306,379561.9508,314701.9647,496716.6413,126694.2182,361916.1005,260843.7948,352861.8219,156421.7355,209363.0032,161535.7366,286767.9267,134548.2751,593045.7645,154614.5039,260532.6094,101485.6231,324687.1127,148974.2307
alpha tocophereol,14149.2946,13377.4838,18600.7139,12443.2088,10100.7604,16966.7948,12781.4722,11525.7306,12521.3782,16911.2978,13181.5611,16497.8759,18991.1817,14041.4143,14190.6178,11907.7045,20114.8196,19458.7448,13376.0264,23028.9500,21571.5134,23369.9317,15302.4073,22633.6692,18982.2230,18298.5966,13896.9729,27646.4252,18557.5727,20283.2618,21224.9768,23228.6801,20498.9981,24855.0813,17227.0682,18947.7500,14010.4663,14814.0989,15822.0069,10650.1918,16525.3999,16654.5412,19038.6023,15201.9307,18734.9384,16595.4606,15044.1587,19680.3051,13655.0148,16833.9160,20945.3316,17764.9395,20602.2370,19867.2508,21843.2698,18657.4314,15507.0580,24092.3129,15617.9100,20158.2829,16365.4864,17491.0419,22098.4762,22999.6968,14816.4513,10549.0785,16551.8139,30318.5057,20325.6953,17433.9396,19927.9802,17487.7205,21001.1341,22600.2281,14116.7363
Arachidonic acid,5865.0156,7017.6950,6242.0653,6017.8397,5305.8807,5628.0275,6212.3847,6436.1091,5617.2264,7634.1411,5238.0553,7635.7232,6871.7186,7333.9956,5403.5848,6854.5329,7523.5748,6417.1505,7476.1482,5340.2138,7862.4091,7007.1123,7200.0794,5187.1511,8414.5774,5561.3053,6383.9678,7227.5817,6307.6687,6610.2367,7276.1856,6567.2120,7537.4008,6631.3816,6922.4677,6303.0186,6166.3492,5966.7167,6333.4651,5328.2915,7405.3235,8054.5963,5105.0723,5897.3622,5272.0978,6647.8338,6031.9514,7062.3010,6238.3851,6011.6983,7085.4162,7156.1303,7225.1900,5925.5536,9224.4182,6730.4794,7800.2768,9099.8977,8522.7744,6515.7484,5535.2246,6076.6823,7951.0002,7368.8552,8592.3093,6096.3892,6057.0155,7394.3908,8458.8608,7197.7086,4892.7739,7453.0250,7278.0610,7996.5997,5758.8407
Asparagine,640.1990,318.2071,517.1605,1317.8469,658.5097,664.5966,137.8208,1251.7464,484.6082,776.4010,937.7640,746.9227,2154.4349,1034.6269,500.8286,1613.7556,1068.7167,1585.6425,857.8700,1495.3287,1440.0555,2212.1879,1501.5843,625.8852,1372.7409,1742.0863,1151.3978,6266.2619,2524.1004,1245.8154,6427.6330,3740.9261,3356.2357,2690.4737,1274.5798,787.6024,1025.5772,1128.4859,949.5456,797.5041,1685.8047,1306.8910,963.0707,982.1814,854.4262,748.9044,1374.8346,1609.0101,921.8064,1201.5115,1288.0165,1311.1706,2382.9177,1340.0950,758.8127,3168.8351,1109.6610,2736.3697,1278.4808,3825.6099,1224.9235,2382.1421,2932.1386,2395.3538,983.4169,3008.8657,1378.9357,1832.9412,1283.6771,3272.4838,921.2595,2068.9246,1391.0607,4407.5526,975.3645
Beta-alanine,7374.5746,6728.7557,14904.7526,17453.0923,13891.2802,10336.3646,6432.2157,9715.1241,8018.4222,11571.5245,9436.4152,10770.6278,20053.3265,14290.4883,11618.4404,15608.2717,23104.7093,20440.2879,7101.1782,33204.8961,19870.3161,22213.0589,17951.4037,8021.2990,19557.8903,21332.8558,20226.4756,116297.3578,28946.8743,19502.0794,51931.2063,37408.1600,42872.2367,33787.1062,16771.3444,12505.2199,5419.2901,12014.7111,10021.7481,11519.5200,16163.5651,14816.9589,16421.6534,20232.8257,8232.2078,11866.2126,22585.5619,22707.8555,10443.9034,14126.9189,14423.7549,17544.8506,27625.1648,21825.2041,13725.2320,37470.7231,16827.0203,37630.6716,22628.5941,30636.4023,20973.3653,29358.6667,40429.9833,31437.5419,18836.5700,28608.2418,17535.7930,37884.2472,23378.7726,45055.0158,18791.8290,22331.9045,18050.8767,28208.9753,15407.5622
Cholesterol,141320.5051,155268.4096,164598.2447,193854.7060,130656.0763,150337.2750,123691.3951,106726.9485,162581.1274,213084.6873,138033.7537,208748.8264,163649.0874,145173.8568,174300.1192,155097.3283,148192.2315,208231.1163,138697.9291,233300.2691,237769.8489,216195.9462,123183.2236,186205.7912,170992.4345,123427.5935,157056.5946,204269.3491,178666.3438,179567.3154,169384.8921,190495.7590,177732.0195,219779.7071,182149.1386,201024.2581,122863.1700,148395.1951,150879.3795,88160.6899,156603.4234,181840.0302,188638.0039,161412.5781,158688.8494,163434.1786,164427.4443,194110.8076,118719.0062,160424.4570,221857.7223,196212.6989,170308.0707,228686.1987,203063.7922,201626.9754,170874.5869,263629.3475,158379.1299,226460.2850,163734.6183,137833.9740,157780.3246,179616.4541,168443.4133,131152.5017,163291.1135,249870.3200,163312.2517,201404.3998,225982.4905,216846.5267,190045.1343,211955.2879,164564.7289
Citramalic acid,3698.7117,3660.1521,4934.7919,4402.1381,5358.7141,4137.7610,3618.6351,4811.9767,4246.2357,3316.8807,4397.5739,5768.6040,7374.6527,4696.5505,4653.6068,4720.0591,5192.8905,6111.5847,3538.0118,5962.0208,8083.7051,5072.8394,6310.4745,3387.8277,7115.6485,7472.3787,6426.4528,10252.4584,7439.8899,5002.8556,15590.9769,8808.0596,7831.1683,8396.5856,6835.7353,3719.0376,2205.6099,5217.8888,4755.1906,4626.2425,6187.6714,6318.2184,4001.3224,4026.3382,3812.5568,4493.5879,4643.5734,6287.0635,4131.1614,4811.4310,4058.4550,5633.7753,7908.7719,6722.4270,5801.2200,7758.7597,5559.1657,8418.2502,5561.2068,5325.4518,6139.2405,9511.5172,7556.7445,8107.1204,6540.3858,5983.4992,5370.0858,7144.7007,7457.6265,9411.8540,9277.0293,7184.2788,5136.6077,8274.2948,4087.9331
Creatinine,15055.4646,15028.1760,19018.4375,16692.5349,14118.6749,20294.8585,16379.2599,23788.4992,8819.5854,16577.2800,14918.9109,11692.1193,26456.3023,21962.3770,16126.8100,20548.0709,15624.8811,40719.1042,17621.0485,28301.9123,30918.3826,35444.8585,31127.7763,14069.0984,19734.4936,37123.5490,18085.1212,43842.7954,33129.3415,25811.8595,41840.4533,60609.7300,27002.3249,43298.7557,25768.7665,13990.5269,14052.7335,23857.7386,20437.8824,17458.5916,12105.2206,18643.0946,9769.3493,16468.2188,16281.9164,15250.1052,20619.2330,19157.8725,15645.0130,23361.7074,23941.8353,27542.9869,38305.1572,21484.9747,17660.0383,28768.4624,23736.3155,29323.6652,31403.3460,40346.7858,15698.6891,31473.8369,13737.6599,18365.8167,27679.6540,21404.3171,34608.3379,16142.6679,36197.0741,38670.2268,24590.4966,25787.1978,22244.5398,37939.4811,14971.9994
Fructose,7887.9609,6712.8625,10114.7563,6020.6401,12634.3697,13168.7446,7161.1092,11097.7769,9088.9408,8498.5993,8946.5012,38449.3682,18948.4984,13458.6360,8833.9436,17790.8311,17524.2951,19033.8884,8045.6580,20027.5912,19042.1628,12890.4818,23125.7412,8353.5052,26022.8609,15827.3732,21879.0329,22718.3310,15986.8250,17230.6692,20149.3325,31719.7285,17748.0203,32389.5256,17332.5763,7991.4114,5234.5749,17715.4641,9138.0578,8806.0796,17179.1736,12649.9260,6334.6614,13651.2252,3711.0283,12085.9361,6694.0313,15059.8300,12645.5523,15040.1402,10497.1700,21237.5859,23295.9153,15903.1840,27110.8130,21451.6670,14426.6168,27260.0591,19449.7987,13601.0400,17166.6425,24578.6310,31167.9700,36193.9514,49256.5229,11211.4538,20458.0429,10747.5315,15667.9726,26056.7274,18340.3843,47282.8428,18753.7166,19231.8043,10393.3812
Glutamic acid,35805.3154,42571.4840,70631.1398,62221.3466,51421.0506,45646.7832,39139.6565,43799.1624,43336.3830,43613.0232,43865.0694,49180.8114,51287.7434,47422.8465,42881.5434,43867.6804,48570.6216,64278.4429,34550.1631,68456.5181,47177.6650,75741.2440,49277.4817,40055.9980,50949.7114,57775.1162,44720.2589,70838.6039,78885.4835,56244.9524,74293.4576,49018.9684,61049.7012,61437.4848,16572.9525,48114.8931,29849.0474,44457.2347,50045.2076,49921.3292,56417.6834,46357.5641,35382.4102,71028.1210,33051.2060,40893.3483,60742.5440,60209.0429,37239.3313,44877.1034,53152.6221,60242.9356,43161.1120,52911.0974,42905.5222,76401.0675,58326.4412,68590.9184,57574.4642,67642.2811,55740.2554,56491.2539,62768.4245,81191.2251,52450.8191,78351.8609,50251.2195,67643.7446,56396.4527,90793.8446,60066.5998,45658.8605,50656.9628,61709.1432,45825.8458
Glutamine,8946.3012,8759.0104,21289.5857,22596.2188,18024.3509,14335.4122,5927.4522,12823.8793,9838.8753,11035.3362,13292.2952,13529.6723,21434.1576,19205.4101,13205.5290,16561.1282,18985.0574,17266.2759,7491.0781,25662.5819,22144.1120,17961.6348,26441.6435,9628.3994,10862.9224,12890.9620,19675.7120,98474.1980,29476.5516,17497.2913,68201.9285,38101.1969,44054.1821,25213.6287,1737.5904,23591.7632,5479.3156,14584.4229,11639.1032,11741.8287,24894.4175,10338.3541,17777.5012,17652.5136,10344.9210,13164.9202,19258.8285,24407.4353,14632.4301,15384.2064,18542.3710,21895.0590,28521.8262,19609.1828,13158.1987,47396.8351,9290.5093,65049.1580,17288.0683,27488.0945,20532.2744,22120.9909,34479.5500,31275.0448,10523.5026,39548.3482,20394.9530,26958.3684,17921.6215,68112.0215,18796.5085,24465.1717,12418.8818,28848.3980,16018.2223
Glycerol,105852.0877,61833.9944,94407.8479,87689.2146,67414.5794,65794.0003,60057.9573,73972.7194,62691.7441,99457.9947,60575.9981,125912.8344,77302.6706,103238.9550,167691.0645,110018.2314,92680.0004,79932.6778,89507.7582,86775.0114,139981.9493,124342.8240,149299.1008,57200.0002,107049.3888,90038.0004,223101.5845,184842.8005,111711.3782,115232.1151,157508.5719,234345.2041,125224.3200,101105.8288,121800.5233,78885.3451,77344.8640,66707.8088,77344.2933,98920.6506,148750.7345,99504.9063,66360.0003,68912.2262,60248.4952,116625.9944,72180.7053,83522.1924,83291.6789,148173.0006,143554.3168,117952.4251,170847.0682,184082.8915,130637.2497,120105.2775,127044.9263,262524.7029,109571.1824,188830.9531,84787.0003,127548.0005,85923.1194,145763.0092,146886.2046,113708.1890,148206.6995,92098.6334,95674.5285,225090.5486,101655.3496,142622.0873,80433.6214,123096.8379,78868.9640
Glycine,28542.9916,28062.9672,64021.4699,64313.2871,34202.7610,53980.2481,30797.9141,51906.6300,23900.7922,37542.3989,31441.6617,34466.9134,53257.3938,71817.4285,33006.5503,25702.6838,39747.1372,44070.1331,24853.0965,61464.8222,57542.8170,82798.9061,46848.2844,18826.4350,36682.1112,32241.6972,36748.7736,326958.4148,69613.8163,39339.3202,184793.9980,84760.0992,115309.5721,49049.1054,1377.3629,68724.1296,19612.8596,30821.3856,79452.4311,44730.5716,55829.5731,46839.3420,39915.9759,47877.1374,26923.1796,25257.9367,57383.4104,53305.1472,62670.7128,47513.3105,63646.6390,46061.1106,62587.2087,43326.4677,31649.6413,174236.7162,36593.3597,173652.0407,40670.9845,68040.2310,34281.0770,48892.2357,96229.2375,107104.8355,25420.4741,114624.5955,48517.4658,56705.7295,58667.6608,135415.8880,98568.4907,52534.3260,30373.1361,90917.5141,89438.2344
Histidine,9859.6258,6497.1059,8715.5702,10675.1565,8292.9328,10023.8266,4926.6028,10586.2617,6163.7843,6528.8303,10414.6067,21030.9495,25504.9045,13333.4162,10221.9673,13145.3323,13953.6710,20437.8193,8305.6378,15025.1530,20382.8407,18273.7943,25755.6213,7453.4181,17828.5748,16058.2993,14981.0877,61913.9819,26876.6239,12751.2186,83569.3621,60415.6735,37448.4641,42156.6775,20338.8486,8913.7097,5938.0301,11442.0002,10467.9607,6505.5276,14237.6040,17207.8997,8836.2893,9928.5541,7048.8249,9151.3914,10266.0310,14653.6596,14689.6512,11748.4218,11643.9073,24379.3690,34023.1463,18644.1819,15848.1263,17499.7921,12176.2839,40900.3423,18987.0679,22268.4694,14022.5638,30236.4728,30828.5792,50419.5946,24471.3572,16369.0799,15277.8972,15400.1059,24460.8964,51237.9659,25085.2007,30562.0015,13353.9972,41761.7744,10566.1908
Hypoxanthine,3630.0015,3233.3802,4569.6224,4031.8150,1519.9685,1484,5393.2636,5972.7193,978.9818,5009.7525,2905.9997,5854.0562,4355.0185,10920.9996,3065.9040,2276.9997,1605,6486.2052,3355.4745,3819.0012,6856.1730,33186.7357,1242.0564,3232,4013.0438,3207,3210.9335,4128.3183,3223.9322,3798.2085,2880.4939,2815.0955,7014.9974,3244.4873,10025.8573,1606.5623,1219.9706,3507.2960,4846.1954,5946.8347,1823.9109,11409.8431,4562,4850.9511,4629.3052,6672.5132,4585.1961,6899.8607,6287.6718,5797,5213.1050,3195.4982,5113.8939,1924.9962,1791.9965,4560.2054,23929.3596,3136.9981,22209.9902,10751.8525,3415,3217,3820.5913,8149.0003,2962.1076,6358.2835,1636.1276,6547.0438,3854.5736,3618.4437,5840.9618,4441.3787,2896.5939,3531.3637,2574.0690
Isoleucine,21244.4754,26771.0783,25221.5474,37496.3098,22320.7694,21965.3380,22686.2126,35842.2352,19069.5569,22276.5643,18917.1906,36785.4768,34027.9722,24415.6032,24227.9316,37075.5315,34147.5785,38830.4168,22303.2000,32996.3767,40582.9868,36165.1706,33200.0113,21823.4838,53372.2744,42556.9197,39705.7376,47031.3933,28737.6858,49627.9448,33484.3198,44935.7394,27931.6622,60875.0156,75587.2670,12318.5662,18835.7339,29790.8713,22862.9485,26884.5645,35006.4204,36860.5666,17096.1097,14678.8150,18406.5054,23256.7310,34327.9150,41466.2125,25475.1946,23538.4879,32189.9935,27023.5909,47235.3143,28098.5832,29327.2299,36584.1237,27947.3988,36240.3403,55894.4686,44973.3754,53666.4519,53628.3375,27788.6454,41377.8987,62635.3813,17326.7714,38363.7430,33171.7538,40966.3960,53621.9368,25593.0654,47485.7944,23635.4366,41761.2288,14767.3168
Itaconic acid,9987.7117,9590.0812,8134.3883,9933.7486,8719.5598,10748.3267,10220.3407,13013.2926,8182.4736,7533.1566,9169.4472,8825.8533,10583.3687,10050.7013,14029.0018,8954.0707,9927.8020,14412.3822,9628.8489,9438.1121,10588.6316,15906.1635,9541.2705,9075.4001,12336.3852,11390.3798,9793.8065,13283.0498,9239.6133,10739.0194,13482.6779,12025.4766,11649.8265,12701.6113,18636.8668,13546.6004,10878.2701,9597.7412,8801.2956,9212.3686,12578.4605,15640.9094,8661.7836,9694.3808,12251.5423,10972.4124,8871.0656,10270.0427,8615.7444,9445.7690,9903.5605,9534.1465,11126.2758,7712.1857,10658.3445,8111.6758,11895.7467,10053.3013,11188.4466,15691.6007,8023.5171,12023.3983,12296.6395,10215.9833,10254.4086,10843.5361,10596.2453,9202.4443,13312.3953,10032.5996,9061.3207,11183.2273,8487.2014,14209.6234,10855.8028
Lactamide,27323.4852,26042.3049,32984.6512,57674.0443,64110.2443,47557.5044,40197.1629,36915.2082,35164.1041,29372.4199,57135.8019,63682.5425,53526.5551,45986.6350,30489.8395,39014.8834,63850.0590,48573.5418,37644.8165,54288.9210,37596.9898,45987.5087,52358.1183,49468.5547,37685.4878,76349.4385,54208.8897,72913.4563,57725.6537,39867.0722,62688.0095,55168.3523,123964.3004,45844.5240,17589.2631,39159.4377,30876.0724,36759.3748,51628.6015,61984.0848,39640.9788,31184.4090,43553.3233,88042.0938,52560.3524,37015.6926,45593.1141,48600.9708,26898.1145,83333.5318,26762.1162,219472.2380,61269.9756,103277.7006,105226.5704,78224.0889,112566.1403,110770.0503,27862.2898,75709.8559,58277.5297,95425.4999,49109.5870,158925.5333,41920.8178,122636.8003,92037.9637,49571.1597,100793.8273,89556.2040,55587.7600,48903.7356,40645.6886,26957.4434,58765.6407
Lactic acid,1017895.8130,1225662.6700,2328359.7150,1878619.4910,1382905.4000,818627.8474,1298074.6010,1538106.2080,889938.0601,1132611.6160,1297353.7620,2418614.3550,2653455.9170,1828350.4840,2176998.7500,1741422.6260,1037970.0610,2016987.1950,739960.6059,1905240.4770,1641426.7160,3832221.4640,3286416.7830,1221090.6420,1716287.1450,2654426.1510,2454967.6290,2965302.3210,2635695.3470,1813849.7220,1318053.2530,3144644.1270,4396603.3880,2103336.0680,3348105.6230,1165842.1690,913283.0004,1366284.9190,1152348.3140,2212034.3810,1126084.2380,2140243.2570,974150.5436,1949081.6100,1589107.5540,1088581.0290,3378222.4110,2181275.9790,992466.3391,989833.8395,2033492.0720,2248696.0810,3410971.7940,1220868.1460,981423.6559,1740733.1480,1824973.4930,2046229.3950,2617755.2280,3073401.9340,1613750.2690,4054243.8210,1916424.3780,2849997.7270,1803596.8380,2180151.7490,1027671.4580,3084554.5760,1560870.6040,3546537.7220,1739533.0740,2340341.8390,1683977.9260,3944247.0130,1123565.4180
Leucine,128392.8217,146543.2184,208442.6556,254732.2765,156226.4801,141390.0508,119786.2978,200908.5493,112566.8345,144581.6542,156132.9894,229444.1147,246016.2753,187026.5711,129080.7361,240399.3246,214705.6084,248110.6682,116798.9413,321577.5193,261565.0132,244575.3796,220810.4078,128285.5437,345271.6782,324518.4501,264609.8089,522401.3580,284042.8173,291482.1841,374233.9804,370705.8318,320460.9049,374988.8360,123939.6206,128408.8235,98577.0237,191729.9583,140926.0987,172885.9079,255261.3607,221052.4588,151464.5305,229516.9837,133926.6970,144327.0189,259284.1014,277073.6306,156767.0818,196309.4821,199289.7815,227991.1375,336050.1747,225064.5384,203994.2195,373837.2053,254737.4877,322293.2275,375567.2332,286193.4069,336502.5402,394692.8002,271882.4366,281066.6639,336253.5429,195115.8663,278185.6826,360224.3079,265404.5650,422837.4473,202926.2124,277648.7142,168175.5274,298917.8071,136453.0652
Linoleic acid,16568.1936,7237.1686,9931.3881,12121.2422,4790.7616,9665.1138,11147.3940,5854.7458,5796.9076,19287.7696,4547.5259,29210.1196,8895.7637,28987.4433,32142.8606,26117.7035,12828.5326,6222.7487,7352.5002,8018.0086,19127.6730,22346.3845,11198.2767,6367.7873,13718.0213,9992.5237,30319.7510,21805.6422,14975.4203,29925.7157,20717.4787,20992.9777,17005.6331,16792.3537,24395.2486,12913.2371,10329.1559,14239.7288,8589.8933,14311.0899,26980.5899,15117.3471,10701.2907,8919.1186,10346.2642,11865.1856,11621.8647,30765.5117,5428.9755,18252.9392,14199.8328,37874.2612,34008.0308,20919.5788,27390.7003,19614.7003,49849.8933,97480.3679,7980.2092,24067.0121,5207.4259,25495.8598,15197.2684,33928.2375,18178.0095,30229.2499,15071.3523,25716.7181,35880.8024,40711.8364,18753.3710,15290.2438,14542.0113,22997.9587,11909.7822
Lysine,1812.8307,618.3263,2242.8916,3658.5940,1001.3971,953.7117,841.2298,926.6652,595.4335,947.0007,1421.3434,2223.7349,5551.7488,3564.9561,1053.4658,3841.9829,2952.6345,4331.4602,692.0001,4590.3514,3349.5293,2725.2722,5556.8517,895.3863,2498.3087,2689.4975,4681.1707,20727.8596,8148.1150,5492.1788,16705.1978,9336.5129,7298.2403,8164.2006,2595.4480,1707.7733,1065.1069,2470.7244,1845.0882,727.3627,1281.3846,2322.5020,764.1324,2171.2422,776.4078,1076.5000,1784.3540,2570.3373,1992.9997,2323.3391,2452.1153,5717.3930,4219.6271,4889.9999,3979.7931,8381.5372,1726.3443,11614.9368,6007.2178,4426.8784,2306.6223,4907.7308,4860.5862,7004.0315,5186.6031,5119.2801,2440.6687,5650.7796,3333.5308,5968.7421,3581.6896,3609.5927,2664.5958,5656.5535,1584.1686
Malonic acid,100892.9544,82302.2846,154381.4311,155490.7791,134622.6833,144283.3658,112020.6287,144438.9109,104494.0259,91979.3606,120769.8877,126238.7349,213989.5676,131324.3704,139258.2391,202293.0911,226165.1787,205183.3817,92141.3786,161543.7420,246780.1104,190233.7073,235455.1694,104226.7404,245107.5357,218973.7147,230305.2321,410676.5457,179439.5757,136397.7919,583555.3247,311476.9606,255604.3592,318005.3830,242434.3256,85569.3537,78086.2895,138790.8318,160044.6622,131068.6024,287506.6825,181180.5407,101926.5462,111110.0343,101152.4794,97561.8329,136869.6095,190585.0316,168809.6650,143381.9710,144427.3644,157801.3821,367745.1113,233563.9805,93234.9562,215468.1617,229734.4152,356178.3570,161939.2237,139515.9680,260850.0282,274166.7446,225265.2231,278782.7868,184296.8453,148351.5568,232323.3014,168333.1034,223350.1240,276819.7915,291783.3634,288356.2249,191128.7833,297117.3615,150144.1957
Mannitol,316460.2980,265038.7196,524510.5242,461508.3478,289238.8947,481019.7356,267984.3268,457143.3924,251541.4748,337882.8659,393789.2588,2147604.5320,528784.1742,647187.0184,492223.5058,892151.7804,398531.3100,670426.7093,342906.5301,643116.6709,784443.0072,496603.4155,837360.4178,489117.6194,892567.2866,549867.7734,702183.5986,903208.2108,654772.1412,750848.6549,1064629.9550,1041899.2180,766665.9454,1138103.6050,610445.3155,266595.9317,247813.3657,485879.3031,403023.7740,287614.1024,443945.3228,542498.6896,363531.2854,433855.9533,83505.9531,464213.7102,398709.6732,637399.4136,519501.6167,467916.2357,507360.2431,639511.7093,1184392.0760,546588.5391,1120600.0280,790469.7411,489375.1146,1022521.0770,701229.8611,744417.0352,439845.5092,931786.7066,600270.4286,506380.5372,2214729.8880,456399.4270,613056.9222,487201.7774,793397.9462,837839.3794,573188.1119,1456199.8690,518006.9609,875905.4807,348813.6303
Methionine,3180.1809,2952.6934,5866.1549,5186.6249,4215.9958,4124.1696,3755.8514,5263.9894,3882.0129,4384.1740,4644.3007,4803.4681,6942.4273,6746.0856,3163.3778,6683.1167,10445.5009,7294.5640,2686.3296,10075.2225,7554.8196,6308.8395,7000.7315,3219.2344,6981.4313,8506.7899,7617.0311,25595.5654,8441.1934,8210.2655,18072.6842,13105.0619,14656.9406,9773.1298,5991.0225,4975.0580,2371.9901,5243.3632,4144.9601,6492.7996,7305.8166,6818.9079,4942.8659,7176.2890,3634.6492,4480.2990,8864.0228,8094.2600,3937.2086,5405.4876,6598.7556,6456.6828,9849.0446,6786.4035,5083.7821,13373.6519,6087.5069,12673.7687,7678.6272,12775.2558,6719.6218,11406.6136,10871.2918,10442.1268,5905.4870,9310.4207,7486.5692,11162.9457,7994.5229,14544.6652,7406.7073,8073.9554,6502.3607,8004.3841,7095.7569
methyl-beta-D-galactopyranoside ,28642.6472,43658.8054,47559.1721,28807.7491,47727.1832,57680.5898,43515.9675,73054.0929,81374.6088,72860.0360,47654.0918,69310.0064,77940.7243,43388.9871,21571.5517,37291.7514,48909.8726,75336.8046,32946.4583,125517.6648,124075.7613,68274.4702,106604.0277,60056.6428,90914.4038,74660.9515,77220.1185,171902.2362,151082.7199,50612.0231,98949.7431,93185.7982,85914.3537,115370.2105,63328.0410,32954.4820,24679.3467,66703.8584,87467.0712,50363.0727,48549.7300,83557.4173,86774.8246,66441.0338,47697.6285,46462.5725,91371.7076,78360.3306,72809.0801,33402.9703,36612.1966,123214.7610,84245.0433,50713.1025,8092.9286,46394.6087,63364.6504,110208.9081,80675.4282,162785.3042,79897.3983,68748.5555,4460.1515,84292.0969,5061.0476,30680.3705,75980.4029,48754.1574,100636.9801,114777.4232,86619.0966,117549.2966,79811.4275,120870.1127,59477.0840
MONOSACCHARIDES,5122525.7050,4274764.1890,9250156.7370,7989440.2660,5002296.3670,8377459.3370,4377421.1530,7730759.2550,4107385.2060,5373992.3000,6906087.4850,32921142.8400,9209845.6780,11203424.7700,8424433.1570,16198501.7500,8455759.3740,11487050.3900,5709436.4650,11298176.4600,13499050.5200,9106756.9980,15041465.6100,8615244.6760,16581369.8300,8831727.4680,12465653.7200,20550944.1500,11326277.3900,13594504.2900,22009417.2900,20196876.9100,15653947.8900,21272547.7300,11569837.1800,4465835.5760,3991285.4730,7952118.0030,6768901.2700,4902180.1910,11417281.3500,9537760.4990,6163750.6640,7596865.8430,3918043.1330,8037748.3710,7599795.5320,11348265.0400,8749592.0040,7887379.0290,8847707.3570,11297473.8900,21874092.7000,9506583.9780,19886076.5500,14105644.9200,7678367.3920,20057497.2400,12539773.3300,12880209.4000,9323252.6060,17449260.3400,10910910.5200,13686733.1900,33071644.3600,7791812.2560,10432858.9300,8658148.6010,14882699.8000,16578760.5200,9998337.5010,26678954.5100,8852726.3500,16798283.5900,6031009.8820
myo-inositol,7563.0528,6345.1830,7381.6077,9738.0793,9954.6785,9861.1120,5167.2840,7186.2654,4939.7790,8351.6749,8697.8958,10776.8929,13918.0786,17925.0667,8690.8803,9464.1386,11372.4814,17273.5004,7271.8732,18386.1767,18175.2190,26239.9779,20939.3334,10010.8119,15936.1828,11673.6296,14848.7891,27648.1524,19845.5580,19123.0053,31360.4298,29977.2837,21858.3103,30010.1032,18856.2411,5291.9702,5281.6895,11119.2172,9158.0026,8025.8316,14236.2025,13986.1761,7121.5426,13209.4707,6433.4567,7705.7597,10905.6945,12898.7611,9469.2858,8036.2925,11655.8387,17693.7247,18373.1424,13594.6308,20981.4055,17603.7325,13436.2813,31911.5019,15800.5753,30962.3887,9614.4630,16165.0931,14000.1434,15409.6418,25379.8878,12326.0630,9240.2107,14382.0634,24755.1796,41232.1295,16590.8121,18298.9527,10282.2661,21635.9815,8844.7836
N-methylalanine,10365.5811,7607.1663,11789.3617,10859.4397,5721.5668,14881.3465,10817.4679,6606.5223,6071.1151,14320.8008,11611.7210,22782.0149,22533.7472,13736.6205,7234.8624,19650.8874,24446.9662,15936.0093,9427.4691,26976.8600,29664.7877,22293.2100,20563.7549,7497.2810,28349.4222,19597.8685,29665.1329,82800.9875,35971.5949,21441.9468,54409.1163,39618.2745,21621.6574,36780.5664,20079.2748,11753.2811,7324.6692,13596.9521,12160.5842,8276.6849,21778.1853,13191.3664,8746.0173,14001.3490,9818.9293,12226.3656,17586.1429,18442.9010,7887.2172,13773.8516,12737.8555,22868.6874,39127.9701,28295.0246,23770.3502,31746.6037,16372.0477,36526.6145,21613.6131,18684.2761,19552.9020,33984.1409,23023.2899,57968.5466,22975.2155,22088.4966,31954.2086,31154.3236,19922.7836,47508.0752,20853.5424,19956.1734,14144.0640,28393.6252,14923.0822
Nonanoic acid,2211.0281,2051.8829,3241.7958,4617.8666,4407.4278,2430.2760,3241.9298,3106.2463,2566.6946,2303.6294,2387.0882,2010.0777,3922.0598,1849.8887,2174.5674,1951.1192,3532.3869,5631.0680,1312.0025,3164.1691,2341.6976,2115.7844,2880.7551,2319.0335,1677.1397,3335.3254,3519.2681,4993.1942,7835.5108,3261.6792,9959.0467,5367.1418,5099.1745,3873.6830,2778.1456,5605.2555,2504.1671,1599.4757,3000.1558,4244.0464,2299.6712,2310.0125,2310.1395,3810.8054,3875.8358,1363.0869,3688.1275,3593.3831,2439.2423,3438.3609,4043.0155,3027.5897,4649.6715,4478.9200,1151.2971,8084.2287,1480.5090,4594.8273,2783.4263,3211.7557,1953.5633,2203.6425,3138.2151,2386.8729,2719.4562,10871.1774,3329.4479,5530.4865,5607.7263,3931.3658,4371.5571,2687.8150,3156.2170,4607.4536,1470.4143
Oleic acid,41506.7024,22378.9599,21777.3566,26533.8489,10444.4236,20550.3577,25538.7030,14823.8258,14734.4056,44423.7417,10888.6472,67669.9688,23258.8545,67595.6195,74505.8069,66198.3170,30336.2372,16985.3586,17370.9408,21036.6944,44254.9330,57716.4751,28408.8130,13336.1825,36925.9177,22537.3690,75575.6835,47615.9458,37312.0209,72956.3171,46599.1039,44421.0676,39061.8687,38421.4425,58561.3955,28277.0771,27925.6399,34888.9106,19773.9462,29023.2441,62631.9786,34973.5858,25343.1925,18348.7869,25033.5090,33502.0484,25557.6030,69435.3996,12935.3538,52385.1941,36040.7987,94426.4631,83094.1127,49065.4483,65808.0692,41148.8673,119230.1988,228925.9965,21232.3318,60060.2039,12712.7424,48354.0973,34207.0337,79111.7538,37771.0065,74156.5642,34832.5957,60235.4088,77881.8147,98117.3255,44702.0736,39252.8753,32764.9134,50790.0886,31879.6161
Ornithine,18240.0827,13724.7607,21471.5956,28649.1786,18217.8429,18282.4110,8964.4822,21846.5745,13132.3694,16138.0660,24808.6552,29847.3056,65023.4820,33094.1235,17438.5198,27976.4699,27947.8750,49072.6926,13305.0751,34709.8197,44019.9084,45061.4112,73013.5089,11755.5446,38759.2940,39641.8354,36677.4019,191792.1798,83934.5617,31845.4575,251381.1657,160490.4527,101538.5351,114513.6542,37661.7254,20891.6629,11630.0729,26106.8487,22472.9503,14647.1507,27836.5104,37201.1115,16869.4457,22055.6387,17226.8920,16821.9326,23497.5361,32426.4086,34497.1282,24309.7249,27226.4684,56931.7101,81609.1044,45262.1747,30559.8209,45241.6255,22976.9990,109963.8949,47377.3210,52418.5895,32030.6008,79935.9676,78333.5496,122029.1235,41774.3939,48056.5441,36313.6317,40155.2374,58743.6256,146596.2956,70365.7131,65934.4443,31557.1482,115899.9869,24093.1947
Palmitic acid,62770.0690,41224.9986,49237.0369,60640.2460,39281.4930,48563.9949,41791.0020,43260.9812,30250.1833,57549.0027,35616.9989,100845.8909,41720.5097,83722.0039,81070.1038,84810.9965,48199.5310,41058.5077,36703.5660,40947.0090,61688.0029,77056.9106,41550.6900,39421.2123,51041.1220,48986.5795,94550.7797,65327.2556,50446.9466,93226.7918,73229.5758,80494.7970,64817.5297,52531.0021,68600.5101,43824.0509,43467.9530,51225.6770,39517.9987,48953.9818,67323.9789,72628.5119,43844.6728,43046.1287,49728.2955,46184.0022,46483.1673,85694.1529,40010.0019,73107.7075,73769.2483,89995.9195,87617.9640,69839.9173,104490.8762,70092.8093,100700.2351,204221.0096,47160.0022,95238.2118,44474.7481,88339.9210,57094.8388,100580.0860,80561.0038,66448.6549,74357.9968,96963.4845,87082.2467,143360.6928,61796.0029,64878.0300,59182.6885,75370.9946,40513.0339
Palmitoleic acid,2828.9247,1856.8775,1873.1104,1605.3272,1219.1675,1181.1148,1788.7706,413.6238,1386.3633,2511.5453,583.2608,2985.7457,1695.4741,3728.0984,2884.3622,2975.1988,928.4019,460.7635,1062.1620,846.6384,1691.8047,3160.2048,1724.9698,1454.3618,2260.7318,1325.6444,2710.2306,2548.0383,2506.4459,2479.9013,4045.9463,3881.0825,3681.0358,1188.8135,3555.2340,1603.4724,2625.6159,1361.5863,1517.0557,1926.6470,3339.5916,4106.4941,875.5174,1141.9822,906.1253,2436.6741,831.6429,1919.7583,1055.3454,3742.4436,2120.1807,3568.9222,3717.9980,3148.0693,3475.9504,2408.7802,7416.3598,15184.0792,1927.6320,4736.6696,1492.7311,2046.2098,2678.0148,4481.9288,3153.0911,4117.3746,2545.1589,5389.3293,4909.3690,3269.3194,2245.1411,3768.8403,2009.7129,2771.8877,1902.7992
p-cresol,7383.2954,4484.7926,2633.1999,5233.1925,2508.0858,3378.5132,5126.2424,2071.8196,3454.0297,1900.0907,5427.2606,4805.8452,7567.9789,1915.1351,3073.1084,4817.1344,5464.0392,3066.3445,3538.6133,11946.3623,6584.6607,2917.3329,7559.5567,3999.2501,5223.1472,9800.8182,2334.0454,3675.5978,8063.0476,4057.3600,2540.4607,10346.2034,7676.0792,3228.7393,13115.1012,7004.4838,1979.9805,10358.6748,2115.6739,9384.5571,3520.3228,1350.0188,2228.2528,4785.9262,4757.0523,5663.4893,5584.4474,5001.9864,4214.3268,4284.9485,9183.9750,6183.0518,1418.5367,2588.5362,4765.1094,7534.1727,2395.1994,7627.5449,6198.8443,1685.4375,6321.4988,5082.8974,7193.5941,3196.2276,8819.6855,3103.7071,5315.9299,3181.4009,5717.2950,2007.8757,1351.8542,5447.7997,2050.5607,5047.9471,3081.5445
Phenylalanine,13098.1517,16116.0348,13814.3907,12340.4437,7844.6725,11533.0107,16079.4445,17178.7156,11117.4320,17070.7867,11415.8466,22364.9814,18007.1232,18737.7045,15727.9322,24119.1790,16898.2629,21724.9546,15026.3888,15454.4008,21997.4238,19116.0738,18771.8429,12571.2694,21528.4924,20531.2824,22813.8792,19021.6493,15435.2927,19875.0371,14952.2346,20868.1579,15965.4329,22882.2718,9326.4445,6740.5746,11995.7554,17069.6951,14791.3239,13132.5946,16948.9253,20604.7754,13181.0950,17911.3542,10517.2405,19076.1648,19747.1751,16433.8034,15943.8670,16558.4586,16927.1496,17131.9735,21989.3510,14943.7084,16878.7102,15966.3907,13424.2990,16599.5195,25083.0796,21506.0618,15787.1029,19098.4802,16012.3052,15424.9949,21409.1833,10475.0770,15710.0525,19060.4429,19201.3658,14043.4180,16170.1568,23984.9090,17576.6441,17951.5563,11575.7688
Phosphoric acid,147272.5634,158724.3149,306770.6004,261336.2616,217117.7145,441258.9047,142642.8482,234397.4205,145914.1738,242462.5040,327769.6162,398623.7020,755882.7593,491709.8314,332699.3916,329761.8824,344345.2968,530341.0047,227515.1024,480422.8762,552238.2079,571084.4179,732175.4414,190208.7467,553469.2115,251313.3232,547119.7194,1944836.6660,528094.4497,367705.0753,1372428.6690,1018976.3990,1367007.4550,1017216.8780,663626.9298,235799.3005,151484.6008,234309.5937,363059.2368,186304.1421,720685.1395,504068.8372,219904.3223,239386.8985,222592.7424,291571.2635,320732.4806,416196.4015,465538.7370,429873.4033,587553.8880,465443.5186,1092018.0370,465187.3433,349261.9068,655961.4110,438224.7150,1167080.9740,445112.9828,952562.6865,491851.6886,643476.9365,1035577.8150,1246261.6140,382855.5838,472989.0921,544621.5643,477250.1729,959237.6639,1129154.6910,460858.3487,919043.9996,359651.3589,927039.6890,294111.7130
Proline,76514.7958,232882.6821,226443.8996,316364.2990,149135.9723,141174.4768,86303.5672,142003.9814,100576.5619,125177.1964,137795.6001,154705.8970,139974.9722,256230.1542,119480.8748,152224.3537,147562.4178,255589.2327,51781.9145,240243.3892,180713.3563,180369.7404,217977.4319,120084.6254,218794.6508,197362.1771,168949.0387,529045.3697,196768.0141,156656.3593,451617.3704,350688.4222,234702.4637,273408.8908,188065.5908,103807.3203,59738.7002,154448.3187,102658.2568,178012.4144,263635.5579,139211.7241,92942.2096,163372.7237,101129.0864,86939.0908,164006.6190,191451.5461,121457.4447,210637.9366,132541.6588,201772.3778,240750.5614,265037.6387,140573.4829,327031.6104,303121.2853,347972.9204,194077.5954,530491.6651,185238.8229,280716.9996,132795.9763,209185.0390,190615.8372,153802.1380,227639.7732,287157.5535,163941.3521,462901.4577,186808.3519,254815.6525,105677.5638,228981.8917,71906.0248
Pyruvic acid,29419.1923,14289.9964,58667.5671,37305.9171,20369.9090,25719.3824,23747.9634,20340.9720,36868.2251,22809.6922,20178.9969,41608.9250,57861.6161,31802.5973,41414.9624,52367.4810,36818.2101,36790.5900,17614.6885,18495,35795.4644,35953.5772,81996.7000,21134.9629,51504.0539,63564.0716,85798.4087,71064.5353,70989.8874,49553.2837,153608.5829,94024.0095,97518.6181,88261.7959,88375.6205,31083.1263,22915.3416,25076.7550,26761.8555,37504.1962,52552.7905,35449.5250,16311.3764,36393.5762,20177.5490,23839.9944,54848.2698,42186.1790,31498.3364,12935.1822,45065.7222,49091.5485,73820.6854,47552.9741,32381.0721,33164.6364,9248.2084,63028.1086,34597.6376,93217.5714,57557.0118,108780.3023,80206.1469,96573.1802,50041.0765,23854.6717,25134.2750,102316.8909,63762.6721,76584.6681,81779.3644,106108.3719,45898.5559,84546.3340,41750.0830
Serine,16193.2309,13130.6930,32331.7402,26011.6835,14153.5350,27878.5274,14513.3342,20643.2275,13280.2244,20731.7101,20604.0662,23389.1499,46281.5058,38748.7218,23062.6334,25270.2215,42346.2453,31576.5007,18926.5856,35944.1668,42863.4331,40515.8058,45055.6150,9713.5636,37414.7750,31399.8078,33314.6890,146004.0197,60523.8692,33761.9724,111666.9063,65821.1637,78419.7509,48841.1234,25295.4472,31141.7035,11067.5014,24835.9786,35849.1690,27413.3682,45186.3344,22479.0100,26095.6248,26258.2977,18327.4203,17707.0967,27410.0064,42922.9206,34626.8512,28439.0997,37731.0014,27340.4712,50219.4676,25717.5646,27552.2198,77826.0442,25500.9840,82019.4227,37126.1832,40346.8617,30628.3569,41035.5161,70636.5205,83901.5055,25970.8112,60204.6983,26844.4056,42350.2396,36019.0965,62496.1649,49846.6038,37731.8260,23809.1807,55383.2116,44511.0076
Stearic acid,22432.7623,20462.3298,28893.9125,36744.7084,21285.6832,26613.3133,21230.3773,23781.8566,17321.0407,28727.3210,29538.5252,35421.5876,25067.1099,35259.3579,31711.1348,34873.3337,24496.7386,21993.2266,17370.5118,27454.8797,29911.7181,31131.5720,19284.2757,19950.0978,16269.6511,20979.7360,43741.0545,31309.5011,25832.7727,33601.9610,27922.4062,28070.3104,28395.2205,26156.3474,27786.7164,25574.6201,19260.1818,27326.6067,21096.8899,24258.5026,27045.1373,29295.9040,25365.4675,30447.2897,25554.1181,21234.6927,30033.3542,46262.5044,21289.3765,35209.8519,39599.7065,34510.4126,35706.4149,36158.0402,41302.6344,49242.7496,32143.3392,50140.3847,23975.6988,33887.2296,21657.8098,43397.9049,33975.3104,36167.4935,32491.8360,33475.6365,22310.7773,38458.6920,37229.7515,71382.6142,27191.9562,25819.9521,26032.8802,34396.9802,23031.1242
Succinic acid,857.7578,992.8210,1179.4905,1236.3213,1195.3625,776.0889,891.8949,792.2685,957.2621,1136.3209,887.8419,1168.8378,1791.7624,806.2942,1652.9913,1000.8258,728.7024,1279.6980,1274.9950,1151.7149,1137.0479,1233.1309,1654.6860,942.8921,1118.1891,1535.7816,1535.6621,1909.6040,1697.0304,1176.0853,1586.1525,1544.5726,2164.5485,1046.1424,1963.9905,947.9862,563.0976,755.8306,788.0481,818.4017,1715.2543,1245.4571,538.2083,1053.5062,931.4810,940.6243,1154.6881,1290.8700,885.7419,1215.2667,1662.3206,944.2425,1763.8427,1767.7477,1371.0835,1598.2082,917.4847,1852.5210,1373.5379,2324.6118,1295.9085,1036.2260,1545.5390,2243.1231,1789.1262,678.8439,1258.6359,1714.4496,1832.6626,1733.0276,1604.2320,1894.2891,1072.9130,1302.5303,468.2250
Threitol,2197.5255,1454.8575,3799.3572,3445.4482,2466.0987,1523.5147,2268.4759,2930.7326,2898.2851,2104.8771,2037.7703,2258.2352,4005.0091,3255.1245,3491.1547,3439.6796,2599.8469,2410.7784,1437.9348,3575.8717,3532.8234,4282.0396,4585.9768,2611.2368,2510.0458,4274.8163,2843.0408,4745.8211,3929.0735,3931.8030,4193.5701,5087.5133,3437.7241,3935.1698,3843.2969,1653.0043,2102.3406,2368.5934,3071.5685,2598.4265,3473.5815,3304.3158,2428.3465,3302.1498,2235.1396,1997.6222,3140.2142,3237.2780,3025.0223,3253.8644,3318.0977,6410.2775,3887.2356,3483.6014,2751.3488,3854.1669,3731.3159,7464.1974,2357.3624,7638.2203,5327.9048,6291.4468,3460.3667,2505.9700,6697.4473,3463.2865,3875.8941,3127.9774,3098.1635,8123.2063,4227.5670,4477.2573,3195.1291,3877.5407,1703.4783
Threonine,24447.7701,21656.9865,25821.6357,31701.6660,18129.3753,34164.2090,18841.4278,23773.8735,17450.7830,25340.8566,24525.9943,25313.8510,40046.4511,26067.5824,19076.9552,23965.7546,37069.7494,38367.6404,20379.2401,36391.2927,37121.8435,46336.7390,48776.7625,17668.6226,34565.5250,42246.1790,44880.0070,96742.0691,47825.3310,45336.4855,77849.8169,75951.6519,61630.2495,49146.6046,28099.4807,31583.7563,13697.5174,29584.2919,24557.7730,22287.9798,50960.1260,35561.4905,20687.0283,32839.5813,19468.5768,18617.3664,32685.2526,33114.5977,31784.7188,30134.6358,33312.7143,30483.7200,55114.5716,31556.7234,30659.4343,54704.9752,33349.7567,69902.8680,37616.3863,76134.2473,36436.6222,58518.6601,62237.6920,60638.0399,26550.1911,43591.4063,34564.5144,35119.5413,30202.5825,62090.8280,35054.6908,37623.3599,25158.9781,53881.3834,30127.9433
trans-4-hydroxy-L-proline,6405.7946,6685.7779,10985.8140,14229.9015,8825.2613,6621.1831,4838.8794,6726.5916,6966.2793,7354.2854,6985.8815,6307.6791,12085.6412,6314.3047,6091.0889,6039.8050,8064.6595,9759.1392,6326.6829,14384.9649,11640.3290,11584.5573,9239.4422,6692.2003,7478.3563,8567.2590,8594.1331,38072.1946,16412.2965,13769.8793,17088.4606,13880.9633,14973.9663,12913.1143,1222.1277,10954.1011,5856.7675,7866.5615,8337.5103,8026.6371,11770.4547,7343.2215,10118.4651,10030.2421,5155.0505,5407.9931,9866.3515,10400.6971,5360.3671,3578.5981,9780.5350,11347.5359,6990.8942,13848.8041,8495.9461,31020.3183,8362.7721,11826.0597,9210.5150,9792.7715,11256.6381,12511.2473,13331.0070,21161.1910,10845.9696,15172.8049,9711.0546,12254.3478,8009.5414,22006.5943,9863.9052,7349.3480,8134.6098,19812.1014,8263.8653
Trans-aconitic acid,1394.7573,1795.1070,2930.7716,2779.6660,2788.5067,1941.2474,1472.9243,3448.7601,1655.2268,2163.7201,2991.1452,1993.8989,3530.9762,2220.2819,1817.7002,2136.2364,1852.3735,3741.6402,1472.8146,2142.6138,2560.2775,4458.6263,2587.6651,1127.4328,2965.4554,2732.1580,2746.6758,3595.0677,2846.7370,2435.0467,4388.7589,3542.8957,5549.0999,3599.0202,3237.5916,1752.8401,1800.9454,1638.5595,2158.0603,2623.3434,2302.9847,5019.0505,1326.5414,2367.7171,2556.8403,1422.3553,3487.2816,2537.9945,1925.1697,2043.0375,3319.2993,2982.2597,3090.9670,1912.9366,1585.1686,2001.1913,3859.1264,2885.0851,5571.7642,11640.8701,2784.3979,5059.6200,3091.3540,9356.2558,2350.6093,4142.5516,1581.8348,4778.2127,3537.1954,9611.8773,3020.9284,4862.6062,2571.8557,5283.4501,1622.8301
Tryptophan,32045.4421,35471.2523,62623.3660,30834.6354,34267.1655,36889.5675,34870.4808,70388.2794,27562.7081,46442.0447,29510.0457,74249.5604,62766.4910,74625.7262,31422.1877,73137.9991,64507.2588,62496.9177,33173.1941,68376.8309,65040.8622,66050.6749,53328.3705,31389.0919,74506.4558,69778.5546,94850.2641,168094.8369,54566.5125,65269.5074,105339.4629,95392.2978,101829.6720,105926.9994,505.8618,21604.5437,22234.4316,40744.9296,33623.3227,47085.4311,67355.0087,76693.0941,51014.3285,68397.0063,27237.4886,49952.1781,66925.7676,94363.1197,33641.4946,46207.0482,59821.2540,45916.3045,97069.8782,58486.6312,46887.7478,107215.5132,47159.8669,110125.7950,72887.0176,115086.9431,65937.3040,88543.2891,97304.7856,87410.7449,72687.9005,56317.5174,79930.4491,107398.1138,80857.3935,81933.4394,70524.7741,112452.0914,58988.0797,98886.2327,39538.1278
Tyrosine,65461.5764,51331.4436,95582.1282,113637.5413,43127.4412,59299.9117,40471.8400,72550.5997,43568.0005,74944.0657,59336.7472,132800.4872,87523.1957,95967.8837,62701.0644,115497.3293,92409.3368,84162.5988,40146.8984,98042.7889,114076.0461,95702.1249,149426.7971,49156.3317,103130.4407,71089.7060,139325.7646,237732.7369,108371.1171,112387.7008,219418.1111,155335.5073,145454.5202,161571.9727,10081.7754,48151.9728,38954.9488,77620.5172,51568.8571,78641.2683,95237.0400,113627.7923,49059.6804,94066.7045,35743.9200,78642.9322,92631.9804,100256.7087,61673.8297,84119.0297,99717.2709,81339.5751,158031.1582,85224.5981,78905.1138,147716.4137,69994.3538,157659.3006,114879.8515,131860.4855,94309.7189,155706.5589,121089.7715,111315.8168,146207.7934,85471.8387,88374.2256,132838.5217,106984.1035,125748.1997,99189.4908,151345.9654,95384.0367,125451.0643,68430.9588
Urea,3860294.7220,3230542.6910,4912070.8880,3507068.5360,1521851.3350,3629343.3110,2462517.9400,3016292.4120,2371168.7050,5087831.3960,2598198.9770,3562262.3700,6091312.4600,2954709.2140,2207490.5670,4110457.2260,5746788.3050,7665911.4290,3055884.3860,6547930.3270,5432367.8960,4114399.2980,3613759.9740,2835901.4950,4886102.1060,6338555.8680,2748725.3200,8180856.6120,5247660.7750,4343513.4700,6863281.9100,5989805.2130,5755706.3110,6382678.7460,122172.6052,2026479.9830,3000548.5830,4032656.8920,3158374.2210,3117473.9150,4909952.4040,3385298.4320,2814165.8130,6266122.4130,3137627.5380,3189055.8930,2851674.4160,8383218.2560,3250594.2540,3453458.7610,2780498.6700,6001279.9630,5215796.1330,4339934.7620,3693293.2620,5132037.6060,2587392.4330,3910038.3410,4019537.4100,4283399.5040,5522444.9870,5220126.7560,4434402.4070,5431576.1730,8135486.7130,3393548.9980,4540206.7750,4464951.6680,5358299.8290,5262830.5940,5023218.8350,4972299.7000,4448295.2430,8405689.4150,2943166.5630
Uric acid,58341.1689,49711.3862,65151.5531,89706.3053,81950.8730,81023.3595,93557.4827,79051.4824,49872.1003,79746.0004,67103.7456,72280.4492,98900.7131,78284.0335,37775.8675,91427.0621,219111.7388,145242.1839,33151.7773,84823.8443,119503.7555,172536.5978,101096.9734,112875.5273,200972.5402,163971.5265,80714.5234,307907.7620,131025.1225,133161.0810,389859.3633,227772.7005,135887.9220,177536.5106,107879.4176,28806.5110,47109.7533,87306.5313,58674.2830,80640.8594,129340.3903,256024.7908,63819.4545,104457.1555,73790.5124,60216.5786,143122.1736,88138.6272,53772.0611,68850.2167,84442.6674,95636.9200,130175.7352,66925.5523,114674.4416,82834.7876,85873.4613,175546.1219,171901.9983,250353.9052,111362.9362,252044.3317,110802.4767,139273.0200,183540.3852,81517.7895,114361.6441,160935.2165,125724.9925,173819.6281,126409.8051,206999.1248,72978.6978,218454.8102,37214.1864
Valine,179807.5214,154433.4923,258668.8398,319385.4032,178226.7331,199634.8022,138021.7887,223037.7327,127542.1935,211378.0774,225290.0589,322819.1250,327023.9721,247710.4122,158830.7822,275299.6628,294670.4779,261532.2461,153395.0609,407469.8102,384850.0368,265077.3005,290836.7624,188446.6911,382283.7739,345702.4497,372394.3578,837334.6941,407838.9587,327089.0667,517327.5260,519508.6523,439491.4909,505907.7677,2201.2507,159112.4669,114842.0928,229681.7661,156213.1888,204882.9411,303623.2578,271137.2644,150926.6767,273512.6269,138764.5865,186346.5306,292320.5510,347472.4723,232036.0692,237161.7419,259242.8506,262591.1022,453193.3194,309764.3036,246027.8813,557166.5563,246422.2118,412726.9389,445959.7223,291328.0075,374332.8616,484900.8140,315445.6901,382453.2963,441735.3856,225847.6389,346561.1422,418385.2956,299135.2487,557966.7577,268081.4870,348981.1884,209767.2133,350066.1179,174697.7482